"text","label"
"@VirginAmerica did you know that suicide is the second leading cause of death among teens 10-24","neutral"
"@VirginAmerica Thanks!","positive"
"@VirginAmerica awesome. I flew yall Sat morning. Any way we can correct my bill ?","positive"
"@VirginAmerica hi, i did not get points on my elevate account for my most recent flight, how do i add the flight and points to my account?","neutral"
"@VirginAmerica trying to add my boy Prince to my ressie. SF this Thursday @VirginAmerica from LAX http://t.co/GsB2J3c4gM","neutral"
"@VirginAmerica - amazing customer  service, again! ???ï??? RaeAnn in SF - she's the best! #customerservice #virginamerica #flying","positive"
"@VirginAmerica How can I watch the #Oscars2015 on my JFK-&gt;SFO flight?","neutral"
"@VirginAmerica, @reallytallchris dropped a track on you... https://t.co/zv2pt6TRK9","neutral"
"@VirginAmerica best customer service rep in the world! #irmafromDallas takes the cake!!!","positive"
"Always have it together!!! You're welcome! RT @VirginAmerica: @jessicajaymes You're so welcome.","positive"
"@VirginAmerica thank you for checking in. tickets are purchased and customer is happy ;-)","positive"
"@VirginAmerica thanks!","positive"
"@VirginAmerica requested window seat and confirmed window but got stuck in middle seat. Not a good way to treat silver member????","negative"
"@VirginAmerica there is something wrong with you website in Safari iPhone","negative"
"@VirginAmerica achieves a second year of profitability despite revenue pressure ... - @CAPA_Aviation http://t.co/zSuZTNAIJq","neutral"
"@VirginAmerica gives positive outlook, but sees increased competition - @Reuters http://t.co/jEu7Od3eYJ","neutral"
"@VirginAmerica thank you! I absolutely will ????","positive"
"@VirginAmerica Thanks!","positive"
"@VirginAmerica Thanks for the lovely soft views! #travel #SAN to #SFO http://t.co/CnctL7G1ef","positive"
"@VirginAmerica is my new go to airline","neutral"
"@VirginAmerica I was so glad it was mentioned. I took my first virgin flight a few years back and it was a transformative experience.","positive"
"@VirginAmerica I need a receipt for a flight change. Can you send one?","neutral"
"@VirginAmerica Atlantic ploughs a lone furrow in the #MiddleEast http://t.co/FVUdmh27pF @TheNationalUAE","neutral"
"@VirginAmerica Atlantic ploughs a lone furrow in the #MiddleEast http://t.co/DCoBoKN7EE @TheNationalUAE","neutral"
"@VirginAmerica Atlantic ploughs a lone furrow in the #MiddleEast http://t.co/vw4P4T4tLh @TheNationalUAE","neutral"
".@VirginAmerica If only you guys were starting those flights at the end of the month! Guess I?ôm still road tripping on Feb 27??","neutral"
"@VirginAmerica got it. All set - Thanks!","positive"
"@VirginAmerica Only thing I see on passbook is Virgin Mobile Mexico. How do I integrate?","neutral"
"@VirginAmerica to start 5xweekly #A319 flights from to #Dallas @DallasLoveField #Austin on 28APR #avgeek","neutral"
"@VirginAmerica please add more frequency to PDX Portland","neutral"
"@VirginAmerica That's classy.","positive"
"@united thanks","positive"
"@united why not? Is it a law or a policy?","neutral"
"@United the internet is a great thing.  I am emailing executives in your company, maybe they will respond to me in a timely manner.","negative"
"@united thank you !","neutral"
"@united dm these nuts","neutral"
"@united it was credit from my last trip that never came in the mail!","negative"
"@united Pls Help Baby Hannah get the life saving surgeries she requires.She needs your help.Pls Donate/RT http://t.co/kQnrrP86A5","neutral"
"@united bet you wont honour them, like mine ey","neutral"
"@united By the way, a simple apology goes a long way, even if it's a hollow one. It's obvious that you don't care about me or my well-being,","negative"
"@united I know this is probably a no but is there a way to get a cheaper airfare ticket if the flight is leaving in a few hours? ????","neutral"
"@united thnx for the info","positive"
"@united another awesome new plane flight 1584 and extremely nice Captain Steve Connolly.","positive"
"@united Thank you for the cheese platter and abundance of entertainment options. Time just flew by.","positive"
"@united completed form but doubt it's any use. UA doesn't care. 6 day vacation will now be 5. Sure UA won't feel responsibility for that...","negative"
"@united you are one great airline ?ù§Ô∏?","positive"
"@united is my favorite airline.","positive"
"@united where is my flight voucher?","neutral"
"@united Late Flight to Denver, Late Flight to Newark...let's not even get into the disaster that was checking bags. Unacceptable.","negative"
"@united Can you please follow for a Dm on a missing bag?","negative"
"@united I am signed up for notifications. This is the first trip I was not updated on. Not sure why this happened.","negative"
"@united When will direct flights from Belfast Intl to Newark resume from their winter break? Thanks.","neutral"
"@united Pleased to be a Premier Platinum","positive"
"@united Apparently they are asking 20 people to off board the plane--how can such a big miscalculation be made?!","negative"
"@united Not a happy flyer.  UA flight 1161 from SFO to Cleveland.  Sunday 2/22.  Stay tuned for blog article from http://t.co/VdFdODqVGx","negative"
"But I don't see AA @united","neutral"
"@united thank YOU for your kindness. Your agents went above &amp; beyond to get my stranded family home.","positive"
"@united Hi, Im flying SFO-LAX-SAL-CLO. My connecting time in LAX is 1h45m. Is it enough time? Do I have to collect my bag and recheck on AV?","neutral"
"@united follow back and I'll give you the details.","neutral"
"@united and most frustratingly, all this delay happened either at the gate, or even onboard the aircraft! No heads up in advance!!!","negative"
"@united My credit card was charged on the transaction when I was told it would not be. If the charge goes through I will be contacting you.","negative"
"@united Thanks!","positive"
"@united passengers should have been rerouted to match the intended arrival time (even if you have to incur cost to put us in other airlines)","negative"
"@United to operated #B767-300ER from #Newark to #Zurich @ZRH_airport replacing B767-400ER between 6MAY-23SEP instead till 23OCT #avgeek","neutral"
"@united 2nd flight in two weeks that you have lost my bag!  Taking my 1K status to @AmericanAir #neveragain #WORSTCUSTOMERSERVICE","negative"
"@united Left item n the seatback on UA1260. Is there any way to call DCA to ask if they have the item? Already submitted lost &amp; found report","neutral"
"@united Thanks for looking into this and for getting back to me via DM. Glad to hear my bag is finally being delivered to me. Thanks again!","positive"
"@united Lisa J is amazing the guy not so much.","neutral"
"@united I already did.","neutral"
"@united Cool. Thank you.","positive"
"@united WHERE IS MY RECEIPT! I upgraded return leg and 6 months Late Flightr still NO receipt! http://t.co/DAjWzhLVyu","negative"
"@United ""Your bag may or may not be at the airport. Unfortunately, no one at the airport is picking up the phone or responding to messages.""","negative"
"@united @ShowExpert what is going on with United's Mileage Program? You pay $500 for a ticket and get a fraction of that as PQD credit?","negative"
"@united an efficient layout at kiosks/bag drop lines would help as there is no definition to space. Additional friendly and helpful staff","negative"
"@united you are terrible.","negative"
"@united  @DENAirport United 787 in snowy Denver. http://t.co/w1AaKJumXA","neutral"
"@united tried to book a flight IAH-MNL departing 3/31/15 returning 4/17/15 you are advertising 9 flights for $1051 that can't be book!","negative"
"@united yes I have and I was calling in regards to speaking to someone about it even further, but unfortunately i was just bounced around.","negative"
"@united if you don't like delayed bags, why do you let it happen so much?","negative"
"@united Hi.  My relative's Flight Booking Problems number is MY8YB4.  Her name is Clarita Jaramillo Mejia.  Thank you","neutral"
"@united Thanks! LOL! #UA6259 will wait for us. Per @flightaware, same tail number as #UA5525 :)","positive"
"@united What are the chances of my flight to EWR from PIT being Cancelled Flighted tomorrow?","neutral"
"@united thanks, it was my first time in a United lounge and felt welcomed.","positive"
"@united Pay for a cab back to the airport to show baggage dept. my wet shirts and suit is not a viable option. 2nd time this has happened!!","negative"
"@united when I click that link it wants my flight info. I haven't booked a flight yet. I read you waive fees for military, it this true?","neutral"
"@united lost my bags and there was a flight from Chi to Eri that landed over 1.5 hrs ago...yet still have zero updates?? #UnitedAirlinesSux","negative"
"@united ouch not fair","negative"
"@united ... frozen lines on flight, not continuing due to 'passenger comfort'? Not ok, sat on the plane as long as a flight to Vegas would !","negative"
"@united line full of worried customers and guy at desk says so sorry you will have to take care of your problems Late Flightr I don't have time.","negative"
"@united Waiting half an hour for my checked bag at EWR (&amp; that was Priority); disappointing, usually you guys are good.","negative"
"@united is by far the worst airline ever ??ò°??ò°","negative"
"@united Did you get your 757 Model?","neutral"
"@United why not charge for 2nd carryon instead of checked bag? Less jockeying for overhead space, happier passengers, more ontime departures","neutral"
"@United give me a direct number I can call regarding my lost baggage immediately.","negative"
"@united thank you","positive"
"@united Cancelled Flights your flight then sends you an email saying ""think about your next flight..."" #customer #outrage http://t.co/KkwiwI97A4","negative"
"@united help me, united! I paid for economy plus on a flight that was changed BC of delay. Will I be automatically refunded?","negative"
"@united thanks for the epic service on 863- always a pleasure- outstanding crew http://t.co/trqlpeinzW","positive"
"@united all set. Figured it out at the baggage office!","neutral"
"@united Life goal: complete ??îÔ??","positive"
"@united I'd really like to get off of this plane now.","negative"
"@united any plans of restating nonstop service between IAD and South Florida?  We miss our flights to FLL.","neutral"
"@united 6 minutes to boarding at b12 in Ord. No sign of gate agent. A little help?","negative"
"@united we are the airline that has Cancelled Flightled flights TOMORROW to the NYC area","negative"
"@united I see. Thanks for explaining.","positive"
"@united !!!!! YAAYY!!! YAY PROM!!!! http://t.co/DXicoyioxF","neutral"
"@united But it's doubtful he'll fly United again and he will be traveling a lot as a sales manager covering all of North America","negative"
"@united Great!  I'm guessing you were Late Flight to open, service is horrible, you're overcharging, and don't care that everyone is miserable.","negative"
"@united 132 characters does not cover my reasons I'm afraid","negative"
"@United terrible illogical re-route after Cancelled Flightled connection. Then made me pay to check bag. Then lost bag. #ual","negative"
"@united yes to more food! Add some gluten free options while you're at it","positive"
"@united @airlines. Agents arguing about check bag announcement. Looked for room until seat 20, gave up and walked back to seat 7.Unnecessary","negative"
"@united ""most likely"" makes it sound like you have no idea, which is not how I want my flights to be. Please use facts thanks.","negative"
"@United #767 taxing in at #ORD @fly2ohare @AirlineGeeks #avgeek http://t.co/uPocMmuLUN","neutral"
"@united it's done.  If you do something to make up for it I'll tweet that too.","neutral"
"@united Gate Agent Alavera is amazing","positive"
"@united - sitting in seat 10D on a flight back from Vegas to Chicago.  Someone left a folder that looks important in the seat pocket. (1/2)","neutral"
"@united Yes but unbelievable.  Should have a free fare lock","negative"
"@united Why can I only apply one travel certificate per itinerary even when I have multiple flights?","negative"
"@united thanks for more timely updates.","positive"
"@united Thank you for your offer! All sorted out :-)","positive"
"@united the new seats on the Canadaair regional jets just plain suck.","negative"
"@united boarded 6373 on time, deplaned, and now 100 minutes delay. No transparency during. Can't wait to give up my gold status for AA.","negative"
"?ú@united: @LRuns4Cupcakes Please DM details, we'd like to help if you need assistance. ^KP?? @ClarkHoward #Another #Airlines #Issues","neutral"
"@united thnx!","positive"
"@united what do I do if something is missing from my checked baggage?","neutral"
"@united I need a breakdown of what the ""international surcharge"" on my flights cover. Please help","neutral"
"@united https://t.co/jpd7NsGRT7. Fyi your staff are telling customers to try other carriers","negative"
"@united Based on suggestions from other passengers I have a rental car on standby for 11:30.  One way or another will be leaving then.","neutral"
"@united education of that staff is needed - he also turned away other first class cabin passengers with mileage plus.","negative"
"@united then send your Jeff Smisek on a trip with JetBlue or SW and make sure he takes notes. I would never choose to fly United again.","negative"
"@United pre-dawn flight to #miami from #EWR. Annual #SOBEWFF trip. Now.","neutral"
"@united U kept passengers waiting all night 4 a plane that was being put out of service.  Leaving everyone stranded for night. #inexcusable","negative"
"@united please do! She went above and beyond what she had to do, she made us her number one priority!","positive"
"@united you guys are awesome! Thanks!","positive"
"@united hey, left my computer bag, w/computer inside, in United, filed online report, no response","negative"
"@united Also, a United phone representative just asked me for my web password. Is that normal?","neutral"
"@United What's your phone number? Customer service question.","neutral"
"@united fantastic night of waiting 3 hours for a delayed airplane, only for you to alert us flight is Cancelled Flighted when it lands. #whatstatus","negative"
"@united sent you my confirmation via DM. Thank you very much","positive"
"@united can you help 689 in Chicago get to a gate. Freezing on a runway seems like a crappy thing to do at 9pm","negative"
"@united Want to book a multi-city fare. Have miles for 1of 2 flights. An option to pay for 1st flight with miles +2nd with UMP Visa? Thanks!","neutral"
"@united Leaving soon. Thanks!","positive"
"@United Stars and Bars @iah #A320 @airlineguys @AirlineGeeks #avgeek http://t.co/mWSoGUC33p","neutral"
"@united @annricord Great! Appreciate it????","positive"
"@united I was well taken care of, thanks. I've already been sent a survey request &amp; I'll share my positive experience (despite delay)","positive"
"@united Got a call. Bag is to be delivered tonight. Thanks for your reply!!","positive"
"@united please reroute Oregon Women's Tennis to Santa Barbara. There's supposedly another connection from LA.","neutral"
"@united DM the conf # to you - did you receive it?","neutral"
"@united Contacted yesterday and was told that there's nothing they can do - they suggested I email for some compensation ??? cust service???","negative"
"@united you need to follow me I order for me to DM....","neutral"
"@united UA5029 from RIC, UA507 from ORD, &amp; UA423 from DEN -ALL DELAYED for non-weather issues. Way to go, youre batting 1.000! But no hotels","negative"
"@united thanks","positive"
"@united okay - thanks for your help, JT! I appreciate your time!","positive"
"@united We invite to Fallow @HelacoHLC learn about our activities.Prevention Programs of Health by Condom-Rito Family.We R 501(C)(3)Thanks","neutral"
"@united Thanks, I will!","positive"
"@united yes, I want to complain. Your coworker was neither. Is there a customer service point airside?","neutral"
"@united why does it cost $547 to change the city of origin when the same flight on http://t.co/8FMZZOltv9 costs $165 #customerservicefail","negative"
"@united hey awesome!  Thanks for the reply, will be filling the form out! @AmericanAir","positive"
"@united they are all -pilots, FA and ground personnel doing a great job. Weather is to blame... Who do I talk to about that :)","positive"
"@united you have the nicest gate attendant at Newark airport gate 101 right now. Multiple delays and she is still pleasant with everyone.","positive"
"1/2 @united Just be honest with your customers. The new seats are designed to fit more rows on the plane. More rows = more money.","negative"
"@united missing this wedding because of these delays would not be cool","negative"
"@united Designed to deter people from forgetting things or to provide more storage space? The article says the latter #unfriendlyskies","negative"
"@united if I have credit from a flight I Cancelled Flightled does the new flt have to be booked by 1 yr from orig purchase date or flown by that date?","neutral"
"@united thank you. There was one here a few months ago, but none now. Weird you don't have a club in one of the busiest airports in the US.","positive"
"@united how come it's cheaper to fly to BKK than NRT even though to get to BKK you take an extra flight, from NRT!","neutral"
"@united we have been told that it's lost...you guys don't know where it is","negative"
"@united we are never going to get to out gate at this rate.","negative"
"@united Ugh.  My bags were sent to Palm Springs and not to LAX as promised.  They better be at the hotel when I get there.","negative"
"@united #UnitedAirlines fill out form and never receive response? I expect remedy. We can travel another airline and Cancelled Flight as members w u.","negative"
"@united awesome. Thx. And thx for replying so damn fast, sure as hell beats 80s cheeze hold music!!","positive"
"@united @gg8929 Unbelievable hypocrisy!!","negative"
"@united Call customer service and of course they just say ""theres nothing we can do"" and then offer a transfer and disconnect the line.","negative"
"@united 877 from amsterdam to ewr, 02.27.2015, 737-300.","neutral"
"@united No. The entire problem here is that I was never sent anything via email and only given a Flight Booking Problems number over the phone.","negative"
"@united Can you explain how it rewards us elite Premiere 1K members?","neutral"
"@united can you send me another confirmation email?","neutral"
"@united customer service ????","negative"
"@united i need my confirmation number! Can you give it to me?","neutral"
"@SouthwestAir still waiting. Just hit one hour.","negative"
"@SouthwestAir never mind, I moved my flight to tomorrow. Thanks for the help!","positive"
"@SouthwestAir round-trip tickets just arrived for our auction at the Post-Masters Invitational! Thanks Southwest! http://t.co/mRfBjtePef","positive"
"@SouthwestAir ""Airport snow removal method #22..""
Keep up the good work folks, this is where Cessna's become 747's! http://t.co/7poFSXOjSY","positive"
"@SouthwestAir Rapid Rewards program sold me short. #Lasttweetaboutthis but still #disappointed.","negative"
"@SouthwestAir where your airline people screwed up our boarding passes on the way back from puerto Vallarta. This is horrible and we are","negative"
"@SouthwestAir live in Atlanta but cant enroll in your Atlanta companion promotion. Error every time. Can you help? Also sent email. Thanks!","neutral"
"@SouthwestAir @PHLAirport Will Flight 2155 that arrives at E11 be a penguin plane?","neutral"
"@SouthwestAir Thank you for the tip!","positive"
"@SouthwestAir I urgently need two receipts sent but CS is closed. Can you help?","neutral"
"@SouthwestAir I was not the one traveling. I was asking for my sister who was waiting on my nephew in Midland...flight eventually landed","neutral"
"@SouthwestAir quick question - i bought wifi for my phone, do I have to buy it again on my tablet? I have 9 hours left on my trip","neutral"
"@southwestair cool shot of the moon and one of your fleet http://t.co/kl9BAiMES6","positive"
"@SouthwestAir I love this airline so much! Thanks so much! The service is great! The snacks are amazing! Everything is outstanding thanks!!","positive"
"@SouthwestAir forget wedding fairs. How about discounts for nonprofits? We donate part of our worth every single day","neutral"
"@SouthwestAir When will your phone agents be able to give the correct departure times for CUN? When can we checkin online for international?","negative"
"@SouthwestAir should offer cdn border towns incentive to fly since exchange rates are #hurt. #customerappreciation #gaincustomers #keepem2","neutral"
"@SouthwestAir in flight wifi + @TMobile wifi calling makes for the best combination. Who doesn't love texting 40,000 feet in the air :D","positive"
"@SouthwestAir how much is ur wifi fam","neutral"
"@SouthwestAir Could you maybe hook (@FuyukaiDesuYo ) with some imagine dragon tickets tonight! SHES a HUGEEEEE FAN &amp; would really love to go","neutral"
"@southwestair #netneutrality Nice to see you prioritize Internet traffic to your own streaming service over other web sites!","positive"
"@SouthwestAir Just go ahead and start the scavenger hunt after 5 pm today when work is over ;) #DestinationDragons","positive"
"@SouthwestAir thanks!!","neutral"
"@SouthwestAir done. Sorry, I thought I was already.","neutral"
"@SouthwestAir Thanks for the quick reply!  I travel a lot...but not that much, lol.","positive"
"@SouthwestAir res chg online/app no work, still on hold, faster for hubby to DRIVE to airport to make change @ counter #fail","negative"
"@SouthwestAir : Hello..are flights taking off from @DallasLoveField airport this noon. Am supposed to travel on flight 376 to San antonio","neutral"
"@SouthwestAir to start 2xdaily #B737-700 flights from #OrangeCounty to #Portland OR on 8AUG #avgeek","neutral"
"@SouthwestAir  Just sent DM. Thanks for your attentiveness to this matter.","positive"
"@SouthwestAir thank you for the confirmation. Maybe people on my flight have directional dislexia.","positive"
"@SouthwestAir - really?  All other carriers are staffed and you've got a triple looped one and no employees in sight in OKC","negative"
"@SouthwestAir yes I was everything worked out great","positive"
"@SouthwestAir kudos to the crew of flight 1050 to GRR for making a very special memory for a sweet young passenger, and her Momma. Well done","positive"
"@SouthwestAir Thank you SWA and Shannon G. @LASairport (C22) for being a miracle worker! #awesome","positive"
".@SouthwestAir Well, we all need something to aim for.","neutral"
"@SouthwestAir I would love a +1 #RedCarpet  treatment","neutral"
"@SouthwestAir how do I get my companion pass?","neutral"
"@SouthwestAir How about auto check in for CP holders? Come on.","negative"
"@SouthwestAir sign me up!","positive"
"@SouthwestAir Traveling with a 13 year old Thursday. He does not need an ID, correct?","neutral"
"@SouthwestAir I tweeted several times last week about flight info during storm, always a timely tweet back.  Thx! ????","positive"
"@SouthwestAir your hold music sounds like it's from Super Mario Bros for gameboy color","neutral"
"@SouthwestAir props to your LAS employees working C11 gate. Because of them I am not opposed to flying through or to LAS in the future! ???è??è???","positive"
"@SouthwestAir ohk. Thank You!!! B/C of the inexpensive airfares that Southwest has I can now travel around.","positive"
"@SouthwestAir - just got it back about 20 mins ago. Went about 18 hrs w/o it but I appreciate the support. $50 voucher + $50 for essentials.","positive"
"@SouthwestAir BTW I was completely unable to buy wifi for my flight using Galaxy S4. Couldn't zoom out or scroll to touch ""Buy""","negative"
"@SouthwestAir For the past 2 yrs I earned A-list status thru a promo-fly 3 rnd trips in 2-3 months. How can I get that option again? #loyal","neutral"
"@SouthwestAir can you help","neutral"
"@SouthwestAir Thx to customer service rep ALEX for his patient help in reFlight Booking Problems a Cancelled Flighted flight and getting us where we have to be tmrw!","positive"
"@SouthwestAir flying flight 3130 tomorrow at 7:20 from PBI- I have boarding position C-42. Is flight overbooked? Have funeral to attend!","neutral"
"@SouthwestAir 50min to get bag checked n ATX, miss my flight, spend all day @BWI, n not get my baggage at the end of it all.  #epitimeoffail","negative"
"@SouthwestAir sending now via dm","neutral"
"@SouthwestAir Thanks for making good on @PoteetTJ 's Cancelled Flightled flight.","positive"
"@SouthwestAir Have a cup coffee and relax while you check out the New Deals and Promotions at Avon, twice a month at Doug @dcoadavon","neutral"
"@SouthwestAir three cheers to your Denver staff. Don't know if we 
will get out but they're keeping us smiling. http://t.co/RX8z53M7yy","positive"
"@SouthwestAir I had to switch airlines and eat the difference (which was not insubstantial) and Cancelled Flight all plans for sat &amp; sun :(","negative"
"@SouthwestAir replacing @vitaminwater with beer! Bravo!???è??? Cheers! ??çª??çª @Leinenkugels @DosEquis @FatTire","positive"
"@SouthwestAir i like to see if i can change flight plz help thx","neutral"
"@SouthwestAir hey southwest! Can I see @Imaginedragons in Atlanta? My friend has never been there, loves them, and he is from Taiwan!","neutral"
"@SouthwestAir I know where that is! Alas I live far, far away now. #Books","neutral"
"@SouthwestAir don't you think a 4hr wait time to speak to an actual agent is ridiculous?! My flight was Cancelled Flightled this morning! #Getyourlife","negative"
"@SouthwestAir Any chance there's a few seats open from DEN to DAL this afternoon?","neutral"
"@SouthwestAir departing MDW it's cold 26F, windy with snow on the ground for sunny and 70F las vegas  @LASairport http://t.co/2IR7ynMBdU","neutral"
"@SouthwestAir can u follow so I can DM a confirmation number I need confirmed to Cancelled Flight?
I will call to confirm Monday for refund","neutral"
"@SouthwestAir thanks. What's your opinion on chances of getting in okay tomorrow?","neutral"
"@SouthwestAir can you follow me so I can send the DM?","neutral"
"@SouthwestAir My husband a first time flyer with you has had the worst experience on board a aircraft just a few minutes ago.","negative"
"@SouthwestAir you guys need better communication to your customers. This is rude and unprofessional.","negative"
"@SouthwestAir when does today's scavenger hunt start? I'm trying to help my little brother win! #DestinationDragons","neutral"
"@SouthwestAir I'm stuck in Fort Lauderdale.","negative"
"@SouthwestAir  @TheEllenShow @Imaginedragons  @kdepetro313 .what a great first night. #DestinationDragons http://t.co/N3LrFo4UaY","positive"
"@SouthwestAir flt 3867 crew  #OrangeCounty to #Denver is The #BEST! Weather delay but pilots just invited the kids to see the cockpit! #luv","positive"
"@SouthwestAir Show Jacksonville some ???ùtoo!  We want #3ticketsforJax!","neutral"
"@SouthwestAir we are trying to go as far away from King'sCollegeLondon as possible for charity today. Would you help us ? #jailbreak #RAG","neutral"
"@SouthwestAir - did SWA send out customer surveys to earn $100 toward flights? Is this legit?","neutral"
"@SouthwestAir it was 3472","neutral"
"@SouthwestAir how do I find travel funds I have available to use f/ past changed flights? don't see an option in my account.","neutral"
"@SouthwestAir thanks for the ride to Chicago. #kmdw #b738 http://t.co/6cpYPGFnD6","positive"
"@SouthwestAir you guys held our flight #330!  Thank you!!!  About to take off from MDW now to Oakland.  Thanks","positive"
"@SouthwestAir rocks! Open letter to flight attendant. http://t.co/zFrOINPSzI  &lt; my child was inspired.  Thank you.","positive"
"@SouthwestAir thanks for an awesome flight and connection! We were delayed but your staff and crew were purely amazing!","positive"
"@SouthwestAir Ahah???É??ï?éµ That is why
I love SW??à‚??(^^)?ù§","positive"
"@SouthwestAir OMG OMG OMG !!! I JUST DID!!","neutral"
"@SouthwestAir @JulGood1 she was traveling with me the one that got miscommunicated with","negative"
"@SouthwestAir do you have special fares for students to visit prospective schools?  It's expensive to visit graduate programs.","neutral"
"@SouthwestAir PLEASE HELP! I would die to see the Vegas show! It would be amazing to hear their songs for real!","neutral"
"@SouthwestAir   Happily, flight 1625 was not delayed when a cockpit visit blew my four-yr-old's mind. Thanks, Cap'n! http://t.co/C8mqEzXVdH","positive"
"@SouthwestAir get me on flight 4146 to denver and I'll be more than happy !!!!!","neutral"
"@SouthwestAir Thanks Lindsey &amp; the Southwest twitter team for great service &amp; a speedy resolution #LuvAgent #swa","positive"
"@SouthwestAir When is the last chance to win #DestinationDragon ???","neutral"
"@SouthwestAir make this delay go away. Maybe upgrade me and Kats seats. We are headed to Columbus.","negative"
"@SouthwestAir Hi! Just wanted to see if you have any new routes planned this year for Newark. Love flying you guys and hope to do so more!","positive"
"@SouthwestAir Can you please follow so I can DM? Thx!","neutral"
"@SouthwestAir Received awesome phone help from Jim today. Helped me switch around flights booked with points.","positive"
"@SouthwestAir Thank you! I can't wait either :)","positive"
"@Southwestair thanks for leaving me hanging here. #destinationdragons flights all fucked up now. No help?!","negative"
"@SouthwestAir I would love to go to the Atlanta show ?ô•Ô∏?","positive"
"@SouthwestAir appreciate the reply, hopefully those LAX agents get the memo. Cheers!","positive"
"@SouthwestAir good to know. Perhaps it was execution then.","neutral"
"?ú@SouthwestAir: @AMiltx3 You are forgiven most loved Customer,,,it's as if you never left :) ^LL?? that's why you're bae ?ù§Ô∏?","positive"
"@SouthwestAir :( Thanks for the opportunity...","positive"
"@SouthwestAir might be the worst airline ever","negative"
"@southwestair *any site*?   gmail, facebook, etc.","neutral"
"@SouthwestAir My boyfriend and I have LOVED @Imaginedragons since 2009 &amp; it would be so awesome to go to Vegas event. Any way you can help?","positive"
"@SouthwestAir you should know the crew today on flight #1071 AUS to PDX was awesome! #SWA","positive"
"@SouthwestAir if this flight is Cancelled Flighted or delayed any further I expect full compensation for my park ticket, hotel &amp; flight..","negative"
"@SouthwestAir Why doesn't mean TSA PreCheck show up on my mobile boarding pass? My KTN is linked to my account.","negative"
"@SouthwestAir Again, please accept my apologies for my lame, childish tweet. You didn't deserve that, &amp; I remain a LOYAL SW customer!","positive"
"@SouthwestAir @FortuneMagazine Congrats!","positive"
"@SouthwestAir @FortuneMagazine Love flying Southwest! Best flight attendants ever!","positive"
"@SouthwestAir @FortuneMagazine I DO like your airlines, congrats! : )","positive"
"@SouthwestAir great. My flight is delayed three hours. Now my friend has to wait for me at the airport for hours on her birthday. ???í???","negative"
"@SouthwestAir Is there anyway to pay more to get priority boarding A 1-15?","neutral"
"@SouthwestAir my PR class would luv to know who's in charge of your Twitter. How many people write your tweets? #gracias","neutral"
"@SouthwestAir do new flights come out at midnight?","neutral"
"@SouthwestAir filing it now. Thank you for your response.","positive"
"@SouthwestAir Whoa. Thanks and that's what I wanted to hear! Early flight coming up. Thanks for the reply.","positive"
"@SouthwestAir @Imaginedragons  Did they pick someone for Destination Dragons?","neutral"
"@SouthwestAir So far so good! http://t.co/16c9ex79Rk","positive"
"@SouthwestAir @ PIT- Gate A1! Big shout out to the lady trying to track him down!","positive"
"@SouthwestAir - I just had a great experience with your customer service team. Thank you! #LuvSW A-list","positive"
"@SouthwestAir thank you for handling this for me. Glad Southwest cares about what it's flyers think!","positive"
"@SouthwestAir did you pick the winners for the #DestinationDragons ?? #87yearsLate Flightr #maybeijustlost #whyyounoloveme","neutral"
"@SouthwestAir Any possible chance of SWA bringing back service between LGA-BWI? It would make it much easier to connect to the west coast.","neutral"
"@SouthwestAir why would I want to when the last time I did, you screwed me out of my early boarding that I PAID FOR.","negative"
"@SouthwestAir Are you announcing any more winners to the #DestinationDragons @Imaginedragons  show @VelourLive in UTAH this weekend? #Lucky","neutral"
"@southwestair Great job celebrating #MardiGras2015 .  You own the industry . Another reason I'm nuts for you! http://t.co/8WBzOrRn3C","positive"
"@SouthwestAir just added #passbook support to their iOS application! Finally, I get to add them to my collection. http://t.co/lEdNoCdQee","positive"
"@SouthwestAir allows you to change a flight once for no fee, yay! I will always book flights with them. @AmericanAir changes you $200","positive"
"@SouthwestAir sure,I'll send a message now!","neutral"
"@SouthwestAir I have a flight to Vegas coming up soon, but haven?ôt received any drink tickets Late Flightly. Can you help me out?","neutral"
"@SouthwestAir @karajusto SWA is willing to follow up. FINALLY.","neutral"
"@SouthwestAir In my letters to follow, I will be sure to include my Rewards Number, twitter handle, and email address.","neutral"
"@SouthwestAir when will you have flights for October 2015 available?","neutral"
"@SouthwestAir CEO discusses possibilities of NHL Vegas arena naming rights http://t.co/t3E4SH5xNg @SMUSportMgt #sportsbiz","neutral"
"@SouthwestAir just did last night. Thanks for following up. :)","positive"
"@SouthwestAir Not possible to carry-on and put in a closet/overhead? Had success doing that with other airlines. Thanks","neutral"
"@SouthwestAir I am scheduled for the morning, 2 days after the fact, yes..not sure why my evening flight was the only one Cancelled Flightled","negative"
"@SouthwestAir big thanks to your team. family emerg, same day ticket, experience was excellent. 1st time flying with yall, not my last!","positive"
"@SouthwestAir Got it covered. Thanks!","positive"
"@SouthwestAir Glad it was finally resolved too. Too bad I can't get a free voucher to go with mine so I can have a friend travel next time!","positive"
"@SouthwestAir thanks for the drink tickets hook up! Can't wait for my first international flight with you to NAS! #pumped","positive"
"@SouthwestAir took our carryon bag with essential attire for a life changing interview tomorrow &amp; it's not here; can we expect compensation?","negative"
"@SouthwestAir Im just praying you get me home alive","negative"
"@SouthwestAir needed my flight info so I can add my rapid rewards to my flight ... First time I have flown with SW - won't do it again #mad","negative"
"@SouthwestAir really appreciate the follow up, I always fly with y'all for a reason!","positive"
"@SouthwestAir we are 2 mins from departure of 4125 and no announced update nor an update to on time status. Everyone just standing. #comeon","negative"
"@SouthwestAir Thank you. I know ya'll can't control the weather. I appreciate ya'll working to get my flight rebooked the last two days.","positive"
"@SouthwestAir: why no charging station in SAN?","negative"
"@SouthwestAir employees spreading a bit of #MardiGras cheer at 7:30 this morning in Atlanta  #NFTYConvention http://t.co/ttbtY89Ilo","neutral"
"@SouthwestAir what does TSA Pre on my boarding pass mean? http://t.co/0HmmQCzkCf","neutral"
"@SouthwestAir - just talking to customer service @united makes me appreciate you even more!  They could learn so much from you!","positive"
"@SouthwestAir Hi! Thanks! Do you have an exact link to that specific page on your site you can share - or is it under ""Flight Status"":? Thx!","neutral"
"@SouthwestAir you guys are awesome... #dontchangeathing #luv","positive"
"@SouthwestAir 45mins wait on the phone with no option for a callback? Finally had to hang up because my phone was dying. #customerservice","negative"
"@SouthwestAir its all good. flight eventually took off, and landed safely. oh, and I got the free cup o wine. thx","positive"
"@SouthwestAir nice work on the update!","positive"
"@JetBlue Stop trying to make #fleek happen! #PointsMe","neutral"
"@JetBlue I appreciate the credit for my troubles but the lack of personal response troubles me.","negative"
"@JetBlue Wish Everyone felt like you","positive"
"?ú@JetBlue: @jannasaurusrex Thanks for the kind words, Janna! #WeAppreciateYou #TrueBlue?? and now I'M feeling like a boss #jetbluefame","positive"
"@JetBlue sure is ????","positive"
"@JetBlue Not trying to make you look bad, on your website it says: ""Due to weather in the Charleston, NC"" Its actually in SC, not NC","positive"
"Oh yeah? RT @JetBlue: Our fleet's on fleek. http://t.co/FTv2NWWQF1??","neutral"
"?ú@JetBlue: Our fleet's on fleek. http://t.co/M2wSg2olgo?? -_-","neutral"
"@JetBlue No, it's weird!! I picked other cities just to test, those worked...not the one I want. Works on phone though, so I'll use that.","neutral"
"um wut ?ú@JetBlue: Our fleet's on fleek. http://t.co/M4UWcPxtXJ??","neutral"
"@JetBlue? | RT @WMCActionNews5: New airline expected to make its way to MEM http://t.co/vO3eQsEPqH","neutral"
"?ú@JetBlue: Our fleet's on fleek. http://t.co/g12sn5qsqZ??- no... Yall better than this","positive"
"?ú@JetBlue: Our fleet's on fleek. http://t.co/LSYbgLF59j?? let's keep it professional","neutral"
"@JetBlue we haven't even gotten off the plane yet! I can't afford to miss my flight back to Boston! Ugh.","negative"
"???Ç??? RT @JetBlue: Our fleet's on fleek. http://t.co/rinzYSK6kI","neutral"
"@JetBlue true. Maybe. Wish I had expedited security haha","positive"
"@JetBlue lol the fleet on fleek... i see yall ballin... new jets on deck..","neutral"
"?ú@JetBlue: Our fleet's on fleek. http://t.co/jm4GeyXbY5?ùLOL","neutral"
"@JetBlue with 3 kids and 11 days 340 + doesn't work and it's months in advance","neutral"
"@JetBlue Tell me more ??ò≥...

Because I need a 1 way to NYC, and I might choose you","neutral"
"@JetBlue but Virgin has wifi ???","neutral"
"@JetBlue I love flying with u, but I have a question, why is one of ur planes called ny jets","positive"
"They didnt just tweet this... Nah. RT ?ú@JetBlue: Our fleet's on fleek. http://t.co/1yLn1Gx4QX??","neutral"
"@jetblue it's time for a direct flight from #JFK to #PITT.... @ Official JetBlue Terminal 5 - New York?? http://t.co/QygXGmd3Sn","neutral"
"@jetblue thanks","positive"
"@JetBlue Thanks JB. Actually, As a birder I love them too. They just need to be outside. It shouldn't be too hard to trap and move them.","positive"
"@JetBlue Very disappointed with the lack of compassion from your baggage services dept. I nearly had to beg get just for a ""courtesy report""","negative"
"Kudos well deserved! Just wish the rest of my @JetBlue experience today measured up to their example!","positive"
"@JetBlue pilot: ""Don't worry folks there's a backup for the backup for every part of this plane."" Thanks guy","positive"
"Keep Waiting, time does not cost anything for @JetBlue hundreds people how payed thousand dollars with no feedback http://t.co/Ji2pg4gom9","negative"
"@JetBlue that is a stock response. Delays not as frustrating as poor cust serv &amp; being told by 3 ppl to wait &amp; they'd come back but did not.","negative"
"?ú@JetBlue: @FinleyBklynCFS So glad to hear. Thanks for sharing the video.?? Me and JetBlue are #BFF ????","positive"
"@JetBlue yes, please get me the seats we paid for.","negative"
"@JetBlue thanks for answering my questions!","positive"
"@JetBlue I have a disabled seat in row 6 do I get to board earlier?","neutral"
"@JetBlue, thanks for not guarantee that you can not deli ever my bags to my hotel, when bag missed connection. #sFO #customerservicenot","negative"
"@JetBlue flight 2008","neutral"
"@JetBlue they absolutely guaranteed us we would sit with our kids. Your ""terms"" response is insulting.  #jetblue","negative"
"@JetBlue For the record, that was less than a 10-minute turnaround time for the answer from the question.  JetBlue rocks!","positive"
"@JetBlue of my tray table is broken what do i do?","neutral"
"@JetBlue Good perspective. If only this safety concern had been expressed at some point before I arrived at the airport. #communicationiskey","negative"
"@JetBlue love it as always!","positive"
"@JetBlue early last month via Expedia-there's an extra middle name and initial attached to my last name","neutral"
"@JetBlue your agent told us TSA didn't have a crew to get bags!","negative"
"@JetBlue you guys rock!","positive"
"@JetBlue thanks. I will use the extra time to do some more shopping! Did somebody say duty free?","positive"
"@JetBlue thank you. We are finally at the gate.","positive"
"@JetBlue Touchdown JFK! Well done pilots of JetBlue Flight 226! #JetBlueRocks","positive"
"@JetBlue That is not very gracious of @jetblue to tell me where I can go BUY water or a snack when our flight is delayed over 3 hours.","negative"
"@JetBlue whatever your lil #mint heart desires! http://t.co/WmX12F33ZC","neutral"
"@JetBlue well, the last update was in the right direction, at least! I'll keep my fingers crossed.","positive"
"@JetBlue Great service from PBI to HPN! Thanks.","positive"
"@JetBlue ok we got as far as Atlantic City due to JFK being closed. Can you get us to HPN or LGA?? Please?","negative"
"@JetBlue They just came out. Thanks for the follow-up. That's why you're the best!","positive"
"@JetBlue Follow me pls?","neutral"
"@JetBlue I'm curious to know how do you compensate for passengers missing engagements due to a two hour wait on the tar-mat to get to a gate","negative"
"@JetBlue thank you ???? standing in line now!","positive"
"@JetBlue OK, thank you.","positive"
"@JetBlue what are the chances of one of your flights leaving at 6am out of Newark nj being Cancelled Flightled tomorrow?","neutral"
"@JetBlue your employee Charles cave at the gate at MSY went above and beyond to help try to help me find my glasses. Thought u should know","positive"
"@jetblue what good with the inflight WiFi?","neutral"
"@JetBlue Awesome! Thank you! ;)","positive"
"@JetBlue Cancelled Flighted ??ò¢","negative"
"@JetBlue NOT A HAPPY CUSTOMER. We've waited patiently, not to mention $150 and six months of marathon training, we need 2 be there tmrw.","negative"
"@JetBlue offers free flights for ""Fly it Forward"" campaign http://t.co/Yh1KZkYZrR http://t.co/wmO6tKqhXp via @usatodaytravel #travel #cause","neutral"
"@JetBlue Airways Stock Rating Lowered by Vetr Inc. (JBLU) - Dakota Financial News http://t.co/QW2eBEEMVg","neutral"
"@JetBlue you #fail. Snow coming to DC area. Tried to get on earlier flight. You refused. Now flight 6.5 hours delayed. Greedy and foolish.","negative"
"@JetBlue's CEO battles to appease passengers and Wall Street - Waterbury Republican American http://t.co/FFc13zYGJS","neutral"
"@JetBlue today my family gets to experience #mosaic status w/ me! #LifeIsGood","positive"
"@JetBlue by any chance do u offer fresh guacamole on your flights","neutral"
"@JetBlue thank you","positive"
"@JetBlue thank you so much for your effort","positive"
"@JetBlue who do you think is gonna win Mayweather or Pacquiao?","neutral"
"@JetBlue you are officially my favorite, thank you for the wonderful service at JFK","positive"
"@JetBlue Hawaii what deals u have for me","neutral"
"@JetBlue do you know when the schedule for dec 2015 will be released?","neutral"
"@JetBlue can't seem to DM you guys.. JDHADP","negative"
"@JetBlue I'll take 3 round trip tickets to the closest warmest place please! #negativedegrees #buffalo #snowwillnevermelt","neutral"
"@JetBlue saving my sanity. Leaving it behind for sunshine. #escape #FL #bliss #travel #InDenial #WhatFrozenPipes http://t.co/6TtzEJV3hY","neutral"
"This is so smart it makes me angry MT @JetBlue: We?ôve partnered with @WSJ to bring you free digital access onboard! http://t.co/0LiwEcAsOe","positive"
"@JetBlue sorry to report we are stuck on Tarmac.. Being held so #notwheelsup","negative"
"@JetBlue thanks to the gent on the phone who fixed my BOS-MCO flight and the fee waiver! A320 now :) #flyfi ! I forget her name :(","positive"
"Thanks! Hope I don't look like a complainer, I've written of good experiences w/you in the past and am making do in terminal 5 :) @JetBlue","positive"
"@JetBlue Success! Good work JetBlue team","positive"
"@JetBlue you don't remember our date Monday night back to NYC? #heartbroken","positive"
"@JetBlue #flyingitforward Pereira, Colombia to help the kids from Cartago streets and deliver a lot of clothes that I have picked to donate.","neutral"
"@JetBlue thanks so I'll like to get the new tail N598JB N615JB Boston red Sox livery so I can share with talk but send them only on weekends","neutral"
"@JetBlue Maybe I'll just go to Cleveland instead.","neutral"
"@JetBlue thanks JB!! This is why I ???? you!","positive"
"@JetBlue a little vino wouldn't hurt ??ç∑","neutral"
"@JetBlue @NHLBruins repping the Bruins in Cleveland at Rock n Roll HOF &amp; The Christmas Story house #JetBlueBruins http://t.co/JKnWuGJ778","neutral"
"@JetBlue we made it safe and sound. Thank you for the safe travels.","positive"
"@JetBlue THANKS!! Her 80th bday is Saturday. We're having an aviation themed surprise party for her.","positive"
"@JetBlue is gettin fancy! #Mint #LieFlat Nice work on the menu @Saxonandparole #LobsterMac #BloodyMary #JetSetter http://t.co/zf5wjgtXzT","positive"
"@JetBlue = WORST. Booked in Oct. w/ email confirm &amp; NEVER INFORMED Cancelled Flightlation. Instructed ""to mail written letter"" http://t.co/c7Kzbvf8h8","negative"
"@JetBlue I was so excited when I saw that you fly there! #ionlyflyblue","positive"
"@JetBlue TA off site at #thelodge. Should be a fun day. @YeniettElswood @AndrewBiga @CodyCleverly @HeidiMacey @motherpollock","positive"
"@JetBlue just mine sadly.. But yea the fly fi is awesome","positive"
"I know you have a lot of baggage... But i want you to know i really enjoyed being inside you. @JetBlue #Jetbae","positive"
"@JetBlue Can you tell me which days you fly direct BUF - FLL and FLL - BUF?","neutral"
"@JetBlue This is how you have me feeling.... http://t.co/esUu0hiAjM","negative"
"@JetBlue It's absolute madness in the west, but tell me who you like between @memgrizz @warriors @spurs and @okcthunder","neutral"
"@JetBlue is the trueblue site broken at the moment?","neutral"
"@JetBlue Aw okay thanks","positive"
"@JetBlue I'm all set. About to fly. Not bad for a first date with a giant metal bird machine. She even brought snacks.","positive"
"@JetBlue When I checked yesterday it looked like it did. Did something change?","neutral"
"@JetBlue also. Emergency exit seats. 6'2"" and that's a huge win.","positive"
"@JetBlue hey, so, Dre at Seatac check in needs a raise, stat. Dude gave me amazing customer service and made me feel valued. ????","positive"
"@JetBlue Call was not made by the inflight crew. They in fact asked us why we didn't bring it on.","negative"
"@JetBlue what is a personal email that I can contact? I have a complaint that you should know about","negative"
"@JetBlue Great flight, as always! Thank you to the great crew on flight 475! #travel #jetblue","positive"
"@JetBlue thank you for incredible customer svc from gate to flight. Mint experience is magic.","positive"
"@JetBlue and a HUGE thanks to the crew on flight 1348 who flew in to DCA from SJU Monday night in the snow so we could have a plane!!!","positive"
"@JetBlue Dumps Amex - Nassau News Live http://t.co/DZg99JFIiK","neutral"
"@JetBlue Celebrates 15-Year Anniversary With New Livery - Digital Journal http://t.co/U5HXri6Crx","neutral"
"@JetBlue I will try that. Thanks! If all else fails I will just do the old fashioned method tomorrow morning.","positive"
"@JetBlue #fail My wife on the phone asking to switch flight times. In mid switch gets disconnected. Now Cancelled Flightled! No new time! No call back","negative"
"@JetBlue will call. Thank you!","positive"
"@JetBlue we have just landed, thank you anyway. Btw, flight staff on flight 654 were wonderful despite their full day and heavy load.","positive"
"@JetBlue love traveling with Jetblue. Cant wait to go to Paris oui oui!!! NYC was awesomeee!","positive"
"@JetBlue's new CEO Robin Hayes battles to appease passengers and Wall Street - Business In Savannah http://t.co/KKAY8XaPs1","neutral"
"@JetBlue I would love for you to fly my best friend home to PVD for a weekend. ???? http://t.co/cH0NmjyMgh","positive"
"@JetBlue Thanks! Her flight leaves at 2 but she's arriving to the airport early. Wedding is in VT in Sept. Grateful you fly to BTV!! :)","positive"
"@USAirways I don't want your sympathy I want someone to make an effort to find my bag","negative"
"@usairways Ok thank you?¶I call from Spain to US for seating assistance!","negative"
"@USAirways If I?ôm unable to use my departing flight can I still use the returning flight?","neutral"
"@USAirways Thank you, although we're using our miles from our card and Flight Booking Problems companion tickets which can only be booked over the phone.","neutral"
"@USAirways pilot forgets to show up to work and Ricky J (gate agent) gives customers attitude. #usairwaysfail","negative"
"@USAirways screwed me up big. 1st flight 1hr Late Flight. Made it to 2nd flight. CSM daryl wouldn't let me on the plane because we were (1/4)","negative"
"@USAirways - 53 minutes on hold for a reservation?","negative"
"@USAirways #NoService good luck trying to reach a human!  Twice sat on hold for over 50 mins...  #neveragain","negative"
"@USAirways @AmericanAir explain how come I can get a free upgrade on US as an exe plat but not exit row seating w/out paying. confused","neutral"
"@USAirways it is really embarrassing when asking for complimentary drink/snack detailed here: https://t.co/9zA6xb1h89 &amp; being argued with.","negative"
"@USAirways also, can you explain why, when I checked in, on the US Airways site, &amp; picked ""Standby for 1st"" I was not put on the list?","neutral"
"@USAirways is it your practice to give 1st class seats to us air employees before giving them to chairmans customers sitting in coach?","neutral"
"@USAirways cust svc just let it slip that previous cust svc lied to me about supervisors &amp; corporate ph#. $200 to change a $130 tix? No thx.","negative"
"@USAirways - Huge props to Parizad at checkin in Sacramento for her help on Friday to get 3 of us home when other airlines were delayed","positive"
"@USAirways - thanks, I hope so. Maybe you can put in a good word for me? ;-)","positive"
"@USAirways, I'm expecting 400% reimbursement for the unprofessional decisions with US728 on 21 Feb. Check your very full complaint box.","negative"
"@USAirways stranding a student trying to get to Birmingham in CLT overnight w/o any help.  You can do better than that.  @av_duffy","negative"
"@USAirways is charging me $200 to NOT take my flight. Lol. That is the last time I fly with them.","negative"
"@usairways Row 16, flight 634 today if you're looking for specifics! I can run to Home Depot for the WD40 you if you need.","negative"
"@USAirways Will you pick up your phone then?","neutral"
"@USAirways website isnt working and I cant talk to any1 on the phone to check flight status out of dfw. Roads are awful and cant get there","negative"
"@USAirways @AmericanAir can someone help me with some travel issues today?","neutral"
"@USAirways There is nothing on my USAir CC at this point, but the email stated I would be charged.  Thanks for the reply.","neutral"
"@USAirways so she has to take a Late Flightr flight booked by her corporate (Disney) travel dept, as your agent offered little help","negative"
"@USAirways Flight gets in 30 minutes early and all goodwill gone when bags aren't here 45 minutes Late Flightr","negative"
"@USAirways how do I get off my plane and wait over an hour and a half to speak to someone about reFlight Booking Problems?","negative"
"Number or email? That's the purpose of sending you a tweet? @USAirways","negative"
"@USAirways @AmericanAir have the most rude, unreliable, horrible company with equally rude, unreliable and horrible employees. Stay tuned.","negative"
"@USAirways Chairman Preferred with 518,758 lifetime miles. What is my US Air reward, no #firstclass upgrades on @AmericanAir as usual.","negative"
"@USAirways @AmericanAir major issues getting out of Boston, but your crew has been exceptional. Let's see how things roll out in Philly.","positive"
"@USAirways it's not often that an airline is so easy to work with. I needed to change my flight time and the attendants at MKE made my day!","positive"
"@USAirways That's 1h 10m waiting to get my bag, 1h40m of flight delays, plus the 2hrs of delay I had on the way out. Never flying you again.","negative"
"@USAirways please keep Emily at you gso airport ticketing on staff she is amazing","positive"
"@usairways HI again! How you suggested I contacted u via phone, sent a mail with the original ticket &amp; the result: http://t.co/214i0RTIH4","negative"
"@USAirways I do but the real ? Is why your staff can behave offensively. Flight 699. Please look into it. Message me if you want particulars","negative"
"@USAirways glad people can put their coats in the storage area though. It would be super unfortunate to leave those on the floor","neutral"
"@USAirways Do you have Bereavement discount on airfare as my grandfather just passed and need to attend his funeral this week.","neutral"
"@USAirways What's the contact number for the corporate baggage office in Phoenix?","neutral"
"@USAirways this has been my WORST flying experience with you guys, you need to do better","negative"
"@USAirways I've been on hold at the reservations desk for 3 hours. HELP!!!!","negative"
"@USAirways you should get better employees??åÔ??","negative"
"@USAirways Round Two of being THE worst airline ever.","negative"
"@USAirways 4097 DCA to BNA. Just told they need to do 1.5 hrs worth of maintenance. Was supposed to leave at 8:50 am. [sigh]","negative"
"@USAirways Been on hold 2.5 hours now! System hung up on me twice after an hour holding. :(  Trying 2 correct online Flight Booking Problems error. #unhappy","negative"
"@USAirways with chocoLate Flight please... i m melting http://t.co/jJdoSFYIBM","neutral"
"@USAirways horrible customer service, flying from Miami to Philadelphia, sent to Charlotte, now can't get out of Charlotte!","negative"
"@USAirways On re-accommodation number Lisa (Liza?) in Raleigh was very helpful","positive"
"@USAirways but need to confirm please help","neutral"
"@USAirways - on hold 45 minutes trying to rebook Cancelled Flightled flight. Really?","negative"
"@USAirways thanks! http://t.co/pD7R1lL6Re","positive"
"@USAirways But every time I call I'm on hold for 45 min and then get disconnected. Any way someone can help?","negative"
"@USAirways in a few weeks","neutral"
"@USAirways #Wronganswer. Talk is cheap. Customer service is the action of making things right for the customer. #fail again.","negative"
"@USAirways BF has been stuck in CLT all day. Is the lounge offering free ""This weather sucks &amp; we all want to cry"" tequila shots?","negative"
"@USAirways Thank you for your help today.  I have been a loyal US airways customer and i appreciate your responding to my tweets.","positive"
"@USAirways what about AA miles for USAir flights booked through American?","neutral"
"@USAirways your team member at DCA- Tamara R. is her name was awesome. You should have more employees like her!","positive"
"@USAirways Inexcusable behavior by gate agent. Sorry isn't enough. #Flight850 #CLT-#BNA","negative"
"@USAirways what happens if the flight takes off before we Cancelled Flight?? That's the issue. We don't want to pay because of your inaccessibility!","negative"
"@USAirways so I still need to stay on hold? http://t.co/04SDytT7zd","negative"
"@USAirways Oh yes, because I had loads of time running to my connecting flight after you delayed me for about 90 minutes...","negative"
"@USAirways Hey, my bag was damaged flying with you yesterday. What can I do?","negative"
"@USAirways I left something on a recent flight today. Who do I contact to retrieve it please? Thanks!","neutral"
"@USAirways Just spoke with a representative. Moved my flight earlier. Thank you so much for the follow up.","positive"
"@USAirways so am I supposed to discuss this matter with a computer? #BadCustomerService #Airlines #DividendRewards","negative"
"@USAirways literally the worst flying experience of my life, and I have flown a lot","negative"
"@USAirways @AmericanAir are u paying incedentals? #noworstairline","neutral"
"@USAirways Used 2 get emails 1) pre-purchase a snack and 2) when time to check in. Got neither 4 tomorrow's trip. Do they not get sent now?","neutral"
"@USAirways any chance of a travel advisory or DCA this weekend?","neutral"
"@USAirways it's painful being on hold to you!! Really 25 minutes to change a flight!! http://t.co/ocqk0JFXuA","negative"
"@USAirways 
Good news, we got fixed.","positive"
"@USAirways is a joke. Stop losing my luggage!","negative"
"@USAirways Thank you. But I don?ôt understand. What will you do with my feedback?","neutral"
"@USAirways has no idea what customer service means.  As the customer, if you mess up my plans, don't treat me like its no big deal!","negative"
"@USAirways Done","neutral"
"@USAirways today's flight to Philadelphia.  It's a little disappointing for the unnecessary delays and it's not even snowing in FL.","negative"
"@USAirways @AmericanAir I am so going to miss US Airways.  You always provided great service and NEVER LET ME DOWN.","positive"
"@USAirways this response doesn't correct the fact that your pilot failed to keep passengers updated","negative"
"@USAirways Exicted to be flying with y'all soon !!","positive"
"@USAirways Seriously??? I have shared my concerns four times already, to NO avail!  Geeeeezzzzz! #frustrated flyer","negative"
"@USAirways No hot food on a 5 hour flight? Crazy. Couldn't eat in PHL b/c our original connection was 40 min Late Flight. What gives? #PHLtoLAS","negative"
"@USAirways yes, it's a domestic flight. Thank you!","positive"
"@USAirways - love the changes in the lounge - cheese, veggies, olives in addition to the crackers and snack mix,","positive"
"@USAirways thanks.  If you have another method also that would be nice.  Appears to be a design flaw","positive"
"@USAirways a $75 change is ok most of the time but if there r open seats on earlier flt and no chkd bag, why not let someone fly standby?","neutral"
"@AlbertBreer just so you know who to complain to ;-) RT @USAirways: Reminder: From 2/28, we?ôll be tweeting from @AmericanAir.","neutral"
"@USAirways  Lilly M in SJU check in is fabulous!","positive"
"@USAirways any chance of making #561?","neutral"
"@usairways hey just letting you know you're the worst fucking service I've ever used thanks for nothing","negative"
"@USAirways you're the only airline that's not open sooner. It's not a confidence booster.","negative"
"@USAirways 3 delays 2 Cancelled Flightlations a double layover and 72 hours Late Flightr....could I at least get extra dividend miles?","negative"
"@USAirways this is more than having patience. This is not acceptable. http://t.co/N7pSuEJDC8","negative"
"@USAirways finally rectified my flight situation! Thanks again","positive"
"@USAirways we haven't departed yet so let's not get too high hopes.  But everything has been on schedule so far","positive"
"@USAirways Thanks for showing interest...3880 to Greenville, SC.","negative"
"@USAirways the only way to assist, is to actually answer the phone.","negative"
".@USAirways thanks!","positive"
"@USAirways Have him call me.  I cant wait to see if anything happens.  Your service really sucks.#usairwayssucks","negative"
"@USAirways for a response in 3-4 days? No thanks","negative"
"@USAirways thanks so much!","positive"
"@USAirways @BohnJai they lost my bag @PHL baggage handlers broke open my bag and stole my camera","negative"
"@USAirways 5534. That's the flight I was placed on after original flight to Charlotte was Cancelled Flightled.  Now 5534 is on 1hr delay","negative"
"@USAirways Thx to gate agt John Pascucci for finding us a flight from CLT to PVD after our original one was Cancelled Flightled http://t.co/YiwLhQhZgp","positive"
"@USAirways u guys get too much $$$ and too many customers  to be fucking up as badly as u do","negative"
"@USAirways  glad to be home and that your great people got me home safely. Sad for others who didn't get back bc of scheduling problems.","positive"
"@USAirways thanks for your help! I left a message for DCA lost and found. Fingers crossed we find it!","positive"
"@USAirways thanks","positive"
"@USAirways with the weather mess in the South, I missed my connection in CLT. Impressed though with the Cust Serv phone reps today.","positive"
"@USAirways Flight # 604. Thanks.","positive"
"@USAirways that's why u guys are my #1 choice.","positive"
"@USAirways how about a drink voucher for the next flight?? #winkwink","positive"
"@USAirways thank you! I tried that and they said they didn't have it. Anywhere else to try?","positive"
"@USAirways @AmericanAir  best u could do-I might get my refund within 2 billing cycles. Months of u guys asking for another chance. I'm done","negative"
"@USAirways your customer service is horrible","negative"
"@USAirways it takes a month?","negative"
"@USAirways we are on the 2pm flight FLL to PHL and then connection to MAN. However, with the delays we might miss it. Can we go earlier?","negative"
"@AmericanAir I might look into that. My wife travels much more than I do. Could we both use the membership?","positive"
"@AmericanAir This is exactly why ill be flying AA from @Dulles_Airport to Dallas! Only airline I trust!","positive"
"@AmericanAir still waiting for a flight... I should get my money back","negative"
"@AmericanAir Hi, can you please ticket my award ticket? The status is ""On Request"" now. Thanks.","neutral"
"@AmericanAir did you know that suicide is the second leading cause of death among teens 10-24?","neutral"
"@AmericanAir narrowly made standby...lots of snags this trip!","negative"
"@AmericanAir Here is the photo ;) http://t.co/VMqUURZUpW","neutral"
"@AmericanAir Aww cool! It's nice to know they are still up above my head then. One of my faves.","positive"
"@AmericanAir what's the status of flight 1357 out of sju?","neutral"
"@AmericanAir flight 65 delayed over 4 hours on 2/22, had no GF meals despite my early request, attendant seat fell on my leg #badservice","negative"
"@AmericanAir I'm not sure what happened to my USAirways status when the merger took place.","negative"
"@AmericanAir I'd like to apologize to the gate agent for flight AA76, I was not aware that zone 1 was after the nine other precious gems.","neutral"
"@DeltaAssist now at 57 minutes waiting on Silver Elite line for someone to pick up! Help!","negative"
"@AmericanAir I don't think you should help him at all based on his behavior. The voucher and cot seem like enough lol ????","neutral"
"@AmericanAir Trying desperately to get my boyfriend booked on the same US Airways flight as myself for the same price. Can you help?","neutral"
"@AmericanAir thanks!!","positive"
"@AmericanAir @Clarkey_19 we done it with 1 truck... No biggie ????","positive"
"@AmericanAir @dfwairport me too!!  LOVE LIVING SO CLOSE SO I ALWAYS HAVE GREAT VIEWS!","positive"
"?ú@AmericanAir: Bet these birds wish they'd flown south for the #winter... http://t.co/tY9C0Gae2o?? Lol","neutral"
"@AmericanAir if I could fly an md80/dc10 I would be so happy I live that plane so much md80 is love md80 is life.","positive"
"@AmericanAir @cityandsand we're trying to coordinate an airport hand-off of Nutella! #veryimportantproject","neutral"
"@AmericanAir and is there a delay on our connection to pns?","neutral"
"@AmericanAir why thank you!! Yayayay!!","positive"
"@AmericanAir mission accomplished today, Thank you!","positive"
"@AmericanAir great job TYR ground crew...now let's get this bird outta here!!!  Tell flight 3200 to wait on me...be there in 45 mikes!","positive"
"@AmericanAir but not sufficiently sorry to actually *do* anything about it, I guess. Your systems are presumably beyond reproach or reform.","negative"
"@AmericanAir Uwon't allow me2make changes online, force me2sit thru excess phone wait times&amp;still insist charging crazy fees. Thats service?","negative"
"Thanks, @chasefoster. Was just about to book a flight to UK using @AmericanAir, but after reading this exchange, there's no way. I've sent","neutral"
"@AmericanAir You don't have those abilities anywhere! Not at the ticket counter, at cust service, or online. That's why we're done here.","neutral"
".@AmericanAir (2/3) ...I sat on the runway for 4 MORE HRS b4 takeoff (10 hrs Late Flight, 4:30 AM). Pilot plainly stated it was a comp/mech issue.","negative"
"@AmericanAir done","neutral"
"@AmericanAir that's absolutely horrible customer service. The person supposed to call me can't immediately call back when disconnected???","negative"
"@AmericanAir we then had to deplane, and change planes.","neutral"
"@AmericanAir btw you guys should consider making a lounge at Austin Intl. airport! Very popuLate Flightd area! Will help the company for sure????","positive"
"@AmericanAir Joanne from your San Diego staff was phenomenal! Give that girl a raise. She handled our #flightnightmare better than anyone.","positive"
"@AmericanAir the Late Flightst usair4603. Earlier 4591","neutral"
"@AmericanAir yes....twice...for two different flights and occasions","neutral"
"@AmericanAir on flight 1074 that has been delayed for hours over human errors like a food truck hitting the plane, now the lines are frozen.","negative"
"@AmericanAir @maryella_green despite the inconvenience, the situation was handled quickly and we appreciate it very much!","positive"
"@AmericanAir are flights from Pensacola fl delayed flight 3670","neutral"
"@AmericanAir I'll try to have a great week once I receive it ??ò©??ò≠????","negative"
"@AmericanAir thanks for being entirely unhelpful and wasting hours of my time today","negative"
"@AmericanAir so, what should he do next exactly?!","neutral"
"@AmericanAir thank you, truly appreciate the help, just sent a DM","positive"
"@AmericanAir Need to hold or get a call back. Just get hung up on by your phone system for 6+ hours now.","negative"
"@AmericanAir Not okay. Since you couldn't put me on an earlier flight, I had to buy my own ticket on another airline.","negative"
"@americanair Can you tell me where my luggage is? I was on flight 1644 SNA to DFW and my flight to MKE was Cancelled Flightled, so got rebooked to ORD","negative"
"@AmericanAir Trying for 20 hrs to reach agent. Must make change that can't be done on web by 11:59 PST. Had to Cancelled Flight revs ystday.","negative"
"@AmericanAir thanks!","positive"
"@AmericanAir we have been sitting on the plane for over an hour. unacceptable. you have a complete disregard for customer service.","negative"
"@AmericanAir Hahaha.... ""Meanwhile in Russia....""","neutral"
"@AmericanAir THANK YOU FOR ALL THE HELP!  :P You guys are the best.  #americanairlines #americanair","positive"
"@AmericanAir thanks.....","positive"
"@AmericanAir sure, thank you!","positive"
"@AmericanAir flight Cancelled Flightled and was trying to reschedule but 800 number just says to call back","negative"
"@AmericanAir this receipt doesn't show the evoucher value nor does it mention having used an evoucher","neutral"
"@AmericanAir Thank you, but I'll be Cancelled Flighting my return flight, as I've already rebooked with another airline so I can get home today.","neutral"
"@AmericanAir @cnnbrk she tried they are not doing anything said they would talk to stewardess about serving drunks drinks how does that help","negative"
"@AmericanAir ok thank you!","positive"
"@AmericanAir thank you for NOT Cancelled Flighting all flights and putting my husbands life in danger driving in this weather. #safetyfirst","positive"
"@AmericanAir I understand that. But 14 hours Late Flightr, I still haven't heard a word! How can you plan your week with no zero information!","negative"
"@AmericanAir I sent you a DM, can you please help.","neutral"
"@AmericanAir ok thank you. What if I can't get a hold of someone to get a new flight?","positive"
"@AmericanAir I need to be back home tomorrow and no one is helping me. Please help me rebook for a flight tomorrow!","negative"
"@AmericanAir my flight 1106 was Cancelled Flightled and I need to get back to Cleveland. What are my options?","negative"
"@AmericanAir Can I get some assistance? Flight Cancelled Flightled (today) from PHX to DFW. Not that I'm hating. But my job is concerned","negative"
"@AmericanAir  @SouthwestAir  ?? Y'all will like this one. http://t.co/hF8aJZ4ffl","neutral"
"@AmericanAir i tried all day. Have been disconnected due to ""heavy call volume.""","negative"
"@AmericanAir Thanks :-) Good to be back safely. See you again soon!","positive"
"@AmericanAir all I want is to know what to do regarding my connecting flights since my 1st is Cancelled Flightled. Could you be of assistance?","negative"
"@AmericanAir Hi guys, can you tell me what the emergency is for #AA65 diverting to #Heathrow from Zurich-New York? Thanks, John.","neutral"
"@AmericanAir thanks. They did not charge anything in the end so all is good.","positive"
"@AmericanAir Hi. I have KOA-LAX-PHL-ORD booked as a 1-way savr awrd. If I called to chnge it to KOA-LAX-PHX-ORD would I have to pay any fees","neutral"
"@AmericanAir I don't want to waste any more of my time on your airline (you've already robbed 21 hours of my day) but I definitely will.","negative"
"@AmericanAir So i was visiting SJU and was returning to Paris and they checked my bag at the gate in SJU, i arrived in paris and nothing,(1)","negative"
"@AmericanAir Please REPLY!  How do you mess up my rebook TWICE???","negative"
"@AmericanAir - Whoooo Hooooo just crossed 25,367!!! At my current pace I should reach 152,202 for the year.","positive"
"@AmericanAir would like to talk to someone, please follow.","neutral"
"@AmericanAir I was on a flight for tomorrow and my reservation is coming up.  Help me!","neutral"
"@AmericanAir I've been on hold with international award reservations for almost 2 hours. 800-433-7300 keeps calling me. what is going on?","negative"
"@AmericanAir @ArminRosen @ggreenwald Tell that piece of shit to get fucked... I'll fly exclusively with you for life...","negative"
"@AmericanAir we made it so no worries... You guys did good tonight and even put @ESPN_CoachMack on my flight #firstclass","positive"
"@AmericanAir How do I check? Reservation for Joe Watson and Kelsey Jennings. We were on hold for 2 hours. Waiting for call back now. ETA?","negative"
"@AmericanAir Hey AA, a suggestion: Note on your seat maps what seats have electronics box blocking legroom. AA215 http://t.co/hcNN0wXQQr","negative"
"@AmericanAir The pilot told us they would release bags as well as offer hotel vouchers. Neither happened.","negative"
"?ú@AmericanAir:  ""Jason, you'll end up missing your connection. Please see our DFW agents for assistance.?? Nope! Hasn't taken off yet, still!","negative"
"@AmericanAir guys 5350 in dfw  stuck at the gate for half an hour.  Do we pull the slide or what?","negative"
"@AmericanAir thanks. Bummer. Poor planning on my part. I assume the card in Passbook won't work either?","neutral"
"@AmericanAir you set a schedule try and keep it !!! #AAALWAYSLate Flight","neutral"
"@AmericanAir @MO3TVida just so you know, reservations team has a 2+ hr callback time","negative"
"@AmericanAir I've never witnessed such covert tactics from an airline.","negative"
"@AmericanAir flight attendants on AA2402 were spectacular.Fed the ENTIRE cabin then food from coach. Why do you keep serving this vile food","negative"
"@AmericanAir Flight 1512 (N924AN) departs @FlyTPA enroute to @dfwairport http://t.co/j0mhMkDiVl","neutral"
"@AmericanAir @jaynegelman How,about more@Blacklist too!!","neutral"
"@AmericanAir a worker just checked for ice on our plane using his cell phone flashlight! Really?! Come on!","negative"
"@AmericanAir @manuel_c ""here for you"" as in, yeah, we'll tweet platitudes at you so you'll think our Twitter bot cares? Or....","negative"
"@AmericanAir i appreciate your apology. Sincerely. Thank you. That's really all I ever wanted to begin with.","positive"
"@AmericanAir versus @JetBlue 
in Customer Service?
Who will win!
For Me @AmericanAir is a convenience to a trip to Cali &lt;3","positive"
"@AmericanAir fight got Cancelled Flighted can u help me rebook a flight?  Call center is too busy to answer calls or even put me on hold #yuck","negative"
"@AmericanAir ah if only we could get through. We've tried for over 2 hrs. Can we call @united?","negative"
"@AmericanAir I'm on 1024 into Dallas. Do I have any chance of catching 2238 to Boston? Do I need to run from Gate D6 to A15?.","neutral"
"@AmericanAir - don't understand why I have zero Flt info- no email- 2 he wait time on ph lines- so much for Advan Mem :(","negative"
"@AmericanAir - very upset with my hometown airline. Stuck in Den Flt Cancelled Flightled. Others here with me got new Flt info","negative"
"@AmericanAir Trip cut 7 hrs short due to flight change/massive layovers/ no peanuts or crackers/ asked for H2O and received about 2oz.","negative"
"@AmericanAir Do you happen to know if that plane will be repainted, or fly ""off into the sunset?""","neutral"
"@AmericanAir shoutout to the agent on duty now @ Gate B1 #ABQ / outstanding customer service w delayed FLT 336 http://t.co/OoEJ4d4JoP","positive"
"@AmericanAir I can't keep dialing you guys all day. Can I get into the callback queue?","negative"
"@AmericanAir 62 inches !?","neutral"
"@AmericanAir check your dm pls","neutral"
"@AmericanAir Thank you! You will see me :)","positive"
"@AmericanAir yes, and rebooked incorrectly.","negative"
"@AmericanAir 2293 is the Cancelled Flightled one","negative"
"@AmericanAir Are you kidding? You don't think I've done that?? I've called dozens of times &amp; it tells me to call back &amp; hangs up.","negative"
"@AmericanAir Flight for tomorrow has already been Cancelled Flightled, what do I do now?","negative"
"@AmericanAir so how do we get me a person?","neutral"
"@AmericanAir appreciate update. Have also appreciated our pilots effort to explain to us just now. Accurate, authoritative comms is vital.","positive"
"@americanair Greatest Newark Gate Agents ever: David Deane, Norma Sedholm and Luz Calderon just made me feel like a king. #AmericanAirlines","positive"
"@AmericanAir On flt 1627 from DFW to FAT on 2/23 and it was 86'd. Can you rebook me on the 1359 flight tonight? Can't get through on phone.","neutral"
"@AmericanAir tried ringing but told me to try again Late Flightr. I'm supposed to be leaving in an hour...","negative"
"@AmericanAir I can't get ahold of aadvantage reservations.  I need to ticket a reservation that Cancelled Flights soon.  can you help?","neutral"
"@AmericanAir I am trying to switch my flight to AA 1359 I am currently on AA 2401 at 6:50am MONDAY morn then AA 2586! Help Me!!","neutral"
